Domain Code,Domain,Area Code (M49),Area,Element Code,Element,Item Code,Item,Year Code,Year,Unit,Value,Flag,Flag Description,Note
"FS","Suite of Food Security Indicators","004","Afghanistan","6128","Value","21056","Minimum dietary energy requirement  (kcal/cap/day)","2021","2021","kcal/pc/d","1667","E","Estimated value",""
"FS","Suite of Food Security Indicators","004","Afghanistan","6128","Value","21057","Average dietary energy requirement (kcal/cap/day)","2021","2021","kcal/pc/d","2122","E","Estimated value",""
"FS","Suite of Food Security Indicators","008","Albania","6128","Value","21056","Minimum dietary energy requirement  (kcal/cap/day)","2021","2021","kcal/pc/d","1909","E","Estimated value",""
"FS","Suite of Food Security Indicators","008","Albania","6128","Value","21057","Average dietary energy requirement (kcal/cap/day)","2021","2021","kcal/pc/d","2487","E","Estimated value",""
"FS","Suite of Food Security Indicators","012","Algeria","6128","Value","21056","Minimum dietary energy requirement  (kcal/cap/day)","2021","2021","kcal/pc/d","1784","E","Estimated value",""
"FS","Suite of Food Security Indicators","012","Algeria","6128","Value","21057","Average dietary energy requirement (kcal/cap/day)","2021","2021","kcal/pc/d","2290","E","Estimated value",""
"FS","Suite of Food Security Indicators","024","Angola","6128","Value","21056","Minimum dietary energy requirement  (kcal/cap/day)","2021","2021","kcal/pc/d","1674","E","Estimated value",""
"FS","Suite of Food Security Indicators","024","Angola","6128","Value","21057","Average dietary energy requirement (kcal/cap/day)","2021","2021","kcal/pc/d","2127","E","Estimated value",""
"FS","Suite of Food Security Indicators","028","Antigua and Barbuda","6128","Value","21056","Minimum dietary energy requirement  (kcal/cap/day)","2021","2021","kcal/pc/d","1904","E","Estimated value",""
"FS","Suite of Food Security Indicators","028","Antigua and Barbuda","6128","Value","21057","Average dietary energy requirement (kcal/cap/day)","2021","2021","kcal/pc/d","2464","E","Estimated value",""
"FS","Suite of Food Security Indicators","032","Argentina","6128","Value","21056","Minimum dietary energy requirement  (kcal/cap/day)","2021","2021","kcal/pc/d","1878","E","Estimated value",""
"FS","Suite of Food Security Indicators","032","Argentina","6128","Value","21057","Average dietary energy requirement (kcal/cap/day)","2021","2021","kcal/pc/d","2436","E","Estimated value",""
"FS","Suite of Food Security Indicators","051","Armenia","6128","Value","21056","Minimum dietary energy requirement  (kcal/cap/day)","2021","2021","kcal/pc/d","1865","E","Estimated value",""
"FS","Suite of Food Security Indicators","051","Armenia","6128","Value","21057","Average dietary energy requirement (kcal/cap/day)","2021","2021","kcal/pc/d","2417","E","Estimated value",""
"FS","Suite of Food Security Indicators","036","Australia","6128","Value","21056","Minimum dietary energy requirement  (kcal/cap/day)","2021","2021","kcal/pc/d","1915","E","Estimated value",""
"FS","Suite of Food Security Indicators","036","Australia","6128","Value","21057","Average dietary energy requirement (kcal/cap/day)","2021","2021","kcal/pc/d","2492","E","Estimated value",""
"FS","Suite of Food Security Indicators","040","Austria","6128","Value","21056","Minimum dietary energy requirement  (kcal/cap/day)","2021","2021","kcal/pc/d","1940","E","Estimated value",""
"FS","Suite of Food Security Indicators","040","Austria","6128","Value","21057","Average dietary energy requirement (kcal/cap/day)","2021","2021","kcal/pc/d","2531","E","Estimated value",""
"FS","Suite of Food Security Indicators","031","Azerbaijan","6128","Value","21056","Minimum dietary energy requirement  (kcal/cap/day)","2021","2021","kcal/pc/d","1869","E","Estimated value",""
"FS","Suite of Food Security Indicators","031","Azerbaijan","6128","Value","21057","Average dietary energy requirement (kcal/cap/day)","2021","2021","kcal/pc/d","2414","E","Estimated value",""
"FS","Suite of Food Security Indicators","044","Bahamas","6128","Value","21056","Minimum dietary energy requirement  (kcal/cap/day)","2021","2021","kcal/pc/d","1921","E","Estimated value",""
"FS","Suite of Food Security Indicators","044","Bahamas","6128","Value","21057","Average dietary energy requirement (kcal/cap/day)","2021","2021","kcal/pc/d","2498","E","Estimated value",""
"FS","Suite of Food Security Indicators","048","Bahrain","6128","Value","21056","Minimum dietary energy requirement  (kcal/cap/day)","2021","2021","kcal/pc/d","1933","E","Estimated value",""
"FS","Suite of Food Security Indicators","048","Bahrain","6128","Value","21057","Average dietary energy requirement (kcal/cap/day)","2021","2021","kcal/pc/d","2506","E","Estimated value",""
"FS","Suite of Food Security Indicators","050","Bangladesh","6128","Value","21056","Minimum dietary energy requirement  (kcal/cap/day)","2021","2021","kcal/pc/d","1788","E","Estimated value",""
"FS","Suite of Food Security Indicators","050","Bangladesh","6128","Value","21057","Average dietary energy requirement (kcal/cap/day)","2021","2021","kcal/pc/d","2304","E","Estimated value",""
"FS","Suite of Food Security Indicators","052","Barbados","6128","Value","21056","Minimum dietary energy requirement  (kcal/cap/day)","2021","2021","kcal/pc/d","1910","E","Estimated value",""
"FS","Suite of Food Security Indicators","052","Barbados","6128","Value","21057","Average dietary energy requirement (kcal/cap/day)","2021","2021","kcal/pc/d","2485","E","Estimated value",""
"FS","Suite of Food Security Indicators","112","Belarus","6128","Value","21056","Minimum dietary energy requirement  (kcal/cap/day)","2021","2021","kcal/pc/d","1890","E","Estimated value",""
"FS","Suite of Food Security Indicators","112","Belarus","6128","Value","21057","Average dietary energy requirement (kcal/cap/day)","2021","2021","kcal/pc/d","2452","E","Estimated value",""
"FS","Suite of Food Security Indicators","056","Belgium","6128","Value","21056","Minimum dietary energy requirement  (kcal/cap/day)","2021","2021","kcal/pc/d","1949","E","Estimated value",""
"FS","Suite of Food Security Indicators","056","Belgium","6128","Value","21057","Average dietary energy requirement (kcal/cap/day)","2021","2021","kcal/pc/d","2544","E","Estimated value",""
"FS","Suite of Food Security Indicators","084","Belize","6128","Value","21056","Minimum dietary energy requirement  (kcal/cap/day)","2021","2021","kcal/pc/d","1783","E","Estimated value",""
"FS","Suite of Food Security Indicators","084","Belize","6128","Value","21057","Average dietary energy requirement (kcal/cap/day)","2021","2021","kcal/pc/d","2297","E","Estimated value",""
"FS","Suite of Food Security Indicators","204","Benin","6128","Value","21056","Minimum dietary energy requirement  (kcal/cap/day)","2021","2021","kcal/pc/d","1722","E","Estimated value",""
"FS","Suite of Food Security Indicators","204","Benin","6128","Value","21057","Average dietary energy requirement (kcal/cap/day)","2021","2021","kcal/pc/d","2199","E","Estimated value",""
"FS","Suite of Food Security Indicators","060","Bermuda","6128","Value","21056","Minimum dietary energy requirement  (kcal/cap/day)","2021","2021","kcal/pc/d","1909","E","Estimated value",""
"FS","Suite of Food Security Indicators","060","Bermuda","6128","Value","21057","Average dietary energy requirement (kcal/cap/day)","2021","2021","kcal/pc/d","2491","E","Estimated value",""
"FS","Suite of Food Security Indicators","064","Bhutan","6128","Value","21056","Minimum dietary energy requirement  (kcal/cap/day)","2021","2021","kcal/pc/d","1836","E","Estimated value",""
"FS","Suite of Food Security Indicators","064","Bhutan","6128","Value","21057","Average dietary energy requirement (kcal/cap/day)","2021","2021","kcal/pc/d","2375","E","Estimated value",""
"FS","Suite of Food Security Indicators","068","Bolivia (Plurinational State of)","6128","Value","21056","Minimum dietary energy requirement  (kcal/cap/day)","2021","2021","kcal/pc/d","1765","E","Estimated value",""
"FS","Suite of Food Security Indicators","068","Bolivia (Plurinational State of)","6128","Value","21057","Average dietary energy requirement (kcal/cap/day)","2021","2021","kcal/pc/d","2269","E","Estimated value",""
"FS","Suite of Food Security Indicators","070","Bosnia and Herzegovina","6128","Value","21056","Minimum dietary energy requirement  (kcal/cap/day)","2021","2021","kcal/pc/d","1918","E","Estimated value",""
"FS","Suite of Food Security Indicators","070","Bosnia and Herzegovina","6128","Value","21057","Average dietary energy requirement (kcal/cap/day)","2021","2021","kcal/pc/d","2497","E","Estimated value",""
"FS","Suite of Food Security Indicators","072","Botswana","6128","Value","21056","Minimum dietary energy requirement  (kcal/cap/day)","2021","2021","kcal/pc/d","1824","E","Estimated value",""
"FS","Suite of Food Security Indicators","072","Botswana","6128","Value","21057","Average dietary energy requirement (kcal/cap/day)","2021","2021","kcal/pc/d","2349","E","Estimated value",""
"FS","Suite of Food Security Indicators","076","Brazil","6128","Value","21056","Minimum dietary energy requirement  (kcal/cap/day)","2021","2021","kcal/pc/d","1889","E","Estimated value",""
"FS","Suite of Food Security Indicators","076","Brazil","6128","Value","21057","Average dietary energy requirement (kcal/cap/day)","2021","2021","kcal/pc/d","2449","E","Estimated value",""
"FS","Suite of Food Security Indicators","096","Brunei Darussalam","6128","Value","21056","Minimum dietary energy requirement  (kcal/cap/day)","2021","2021","kcal/pc/d","1870","E","Estimated value",""
"FS","Suite of Food Security Indicators","096","Brunei Darussalam","6128","Value","21057","Average dietary energy requirement (kcal/cap/day)","2021","2021","kcal/pc/d","2418","E","Estimated value",""
"FS","Suite of Food Security Indicators","100","Bulgaria","6128","Value","21056","Minimum dietary energy requirement  (kcal/cap/day)","2021","2021","kcal/pc/d","1912","E","Estimated value",""
"FS","Suite of Food Security Indicators","100","Bulgaria","6128","Value","21057","Average dietary energy requirement (kcal/cap/day)","2021","2021","kcal/pc/d","2489","E","Estimated value",""
"FS","Suite of Food Security Indicators","854","Burkina Faso","6128","Value","21056","Minimum dietary energy requirement  (kcal/cap/day)","2021","2021","kcal/pc/d","1737","E","Estimated value",""
"FS","Suite of Food Security Indicators","854","Burkina Faso","6128","Value","21057","Average dietary energy requirement (kcal/cap/day)","2021","2021","kcal/pc/d","2218","E","Estimated value",""
"FS","Suite of Food Security Indicators","108","Burundi","6128","Value","21056","Minimum dietary energy requirement  (kcal/cap/day)","2021","2021","kcal/pc/d","1667","E","Estimated value",""
"FS","Suite of Food Security Indicators","108","Burundi","6128","Value","21057","Average dietary energy requirement (kcal/cap/day)","2021","2021","kcal/pc/d","2114","E","Estimated value",""
"FS","Suite of Food Security Indicators","132","Cabo Verde","6128","Value","21056","Minimum dietary energy requirement  (kcal/cap/day)","2021","2021","kcal/pc/d","1870","E","Estimated value",""
"FS","Suite of Food Security Indicators","132","Cabo Verde","6128","Value","21057","Average dietary energy requirement (kcal/cap/day)","2021","2021","kcal/pc/d","2422","E","Estimated value",""
"FS","Suite of Food Security Indicators","116","Cambodia","6128","Value","21056","Minimum dietary energy requirement  (kcal/cap/day)","2021","2021","kcal/pc/d","1781","E","Estimated value",""
"FS","Suite of Food Security Indicators","116","Cambodia","6128","Value","21057","Average dietary energy requirement (kcal/cap/day)","2021","2021","kcal/pc/d","2290","E","Estimated value",""
"FS","Suite of Food Security Indicators","120","Cameroon","6128","Value","21056","Minimum dietary energy requirement  (kcal/cap/day)","2021","2021","kcal/pc/d","1751","E","Estimated value",""
"FS","Suite of Food Security Indicators","120","Cameroon","6128","Value","21057","Average dietary energy requirement (kcal/cap/day)","2021","2021","kcal/pc/d","2240","E","Estimated value",""
"FS","Suite of Food Security Indicators","124","Canada","6128","Value","21056","Minimum dietary energy requirement  (kcal/cap/day)","2021","2021","kcal/pc/d","1919","E","Estimated value",""
"FS","Suite of Food Security Indicators","124","Canada","6128","Value","21057","Average dietary energy requirement (kcal/cap/day)","2021","2021","kcal/pc/d","2502","E","Estimated value",""
"FS","Suite of Food Security Indicators","140","Central African Republic","6128","Value","21056","Minimum dietary energy requirement  (kcal/cap/day)","2021","2021","kcal/pc/d","1668","E","Estimated value",""
"FS","Suite of Food Security Indicators","140","Central African Republic","6128","Value","21057","Average dietary energy requirement (kcal/cap/day)","2021","2021","kcal/pc/d","2118","E","Estimated value",""
"FS","Suite of Food Security Indicators","148","Chad","6128","Value","21056","Minimum dietary energy requirement  (kcal/cap/day)","2021","2021","kcal/pc/d","1703","E","Estimated value",""
"FS","Suite of Food Security Indicators","148","Chad","6128","Value","21057","Average dietary energy requirement (kcal/cap/day)","2021","2021","kcal/pc/d","2164","E","Estimated value",""
"FS","Suite of Food Security Indicators","152","Chile","6128","Value","21056","Minimum dietary energy requirement  (kcal/cap/day)","2021","2021","kcal/pc/d","1885","E","Estimated value",""
"FS","Suite of Food Security Indicators","152","Chile","6128","Value","21057","Average dietary energy requirement (kcal/cap/day)","2021","2021","kcal/pc/d","2449","E","Estimated value",""
"FS","Suite of Food Security Indicators","159","China","6128","Value","21056","Minimum dietary energy requirement  (kcal/cap/day)","2021","2021","kcal/pc/d","1885","E","Estimated value",""
"FS","Suite of Food Security Indicators","159","China","6128","Value","21057","Average dietary energy requirement (kcal/cap/day)","2021","2021","kcal/pc/d","2443","E","Estimated value",""
"FS","Suite of Food Security Indicators","344","China, Hong Kong SAR","6128","Value","21056","Minimum dietary energy requirement  (kcal/cap/day)","2021","2021","kcal/pc/d","1869","E","Estimated value",""
"FS","Suite of Food Security Indicators","344","China, Hong Kong SAR","6128","Value","21057","Average dietary energy requirement (kcal/cap/day)","2021","2021","kcal/pc/d","2427","E","Estimated value",""
"FS","Suite of Food Security Indicators","446","China, Macao SAR","6128","Value","21056","Minimum dietary energy requirement  (kcal/cap/day)","2021","2021","kcal/pc/d","1873","E","Estimated value",""
"FS","Suite of Food Security Indicators","446","China, Macao SAR","6128","Value","21057","Average dietary energy requirement (kcal/cap/day)","2021","2021","kcal/pc/d","2430","E","Estimated value",""
"FS","Suite of Food Security Indicators","156","China, mainland","6128","Value","21056","Minimum dietary energy requirement  (kcal/cap/day)","2021","2021","kcal/pc/d","1885","E","Estimated value",""
"FS","Suite of Food Security Indicators","156","China, mainland","6128","Value","21057","Average dietary energy requirement (kcal/cap/day)","2021","2021","kcal/pc/d","2443","E","Estimated value",""
"FS","Suite of Food Security Indicators","158","China, Taiwan Province of","6128","Value","21056","Minimum dietary energy requirement  (kcal/cap/day)","2021","2021","kcal/pc/d","1897","E","Estimated value",""
"FS","Suite of Food Security Indicators","158","China, Taiwan Province of","6128","Value","21057","Average dietary energy requirement (kcal/cap/day)","2021","2021","kcal/pc/d","2466","E","Estimated value",""
"FS","Suite of Food Security Indicators","170","Colombia","6128","Value","21056","Minimum dietary energy requirement  (kcal/cap/day)","2021","2021","kcal/pc/d","1828","E","Estimated value",""
"FS","Suite of Food Security Indicators","170","Colombia","6128","Value","21057","Average dietary energy requirement (kcal/cap/day)","2021","2021","kcal/pc/d","2364","E","Estimated value",""
"FS","Suite of Food Security Indicators","174","Comoros","6128","Value","21056","Minimum dietary energy requirement  (kcal/cap/day)","2021","2021","kcal/pc/d","1749","E","Estimated value",""
"FS","Suite of Food Security Indicators","174","Comoros","6128","Value","21057","Average dietary energy requirement (kcal/cap/day)","2021","2021","kcal/pc/d","2241","E","Estimated value",""
"FS","Suite of Food Security Indicators","178","Congo","6128","Value","21056","Minimum dietary energy requirement  (kcal/cap/day)","2021","2021","kcal/pc/d","1747","E","Estimated value",""
"FS","Suite of Food Security Indicators","178","Congo","6128","Value","21057","Average dietary energy requirement (kcal/cap/day)","2021","2021","kcal/pc/d","2233","E","Estimated value",""
"FS","Suite of Food Security Indicators","188","Costa Rica","6128","Value","21056","Minimum dietary energy requirement  (kcal/cap/day)","2021","2021","kcal/pc/d","1886","E","Estimated value",""
"FS","Suite of Food Security Indicators","188","Costa Rica","6128","Value","21057","Average dietary energy requirement (kcal/cap/day)","2021","2021","kcal/pc/d","2447","E","Estimated value",""
"FS","Suite of Food Security Indicators","384","Côte d'Ivoire","6128","Value","21056","Minimum dietary energy requirement  (kcal/cap/day)","2021","2021","kcal/pc/d","1739","E","Estimated value",""
"FS","Suite of Food Security Indicators","384","Côte d'Ivoire","6128","Value","21057","Average dietary energy requirement (kcal/cap/day)","2021","2021","kcal/pc/d","2225","E","Estimated value",""
"FS","Suite of Food Security Indicators","191","Croatia","6128","Value","21056","Minimum dietary energy requirement  (kcal/cap/day)","2021","2021","kcal/pc/d","1911","E","Estimated value",""
"FS","Suite of Food Security Indicators","191","Croatia","6128","Value","21057","Average dietary energy requirement (kcal/cap/day)","2021","2021","kcal/pc/d","2490","E","Estimated value",""
"FS","Suite of Food Security Indicators","192","Cuba","6128","Value","21056","Minimum dietary energy requirement  (kcal/cap/day)","2021","2021","kcal/pc/d","1884","E","Estimated value",""
"FS","Suite of Food Security Indicators","192","Cuba","6128","Value","21057","Average dietary energy requirement (kcal/cap/day)","2021","2021","kcal/pc/d","2445","E","Estimated value",""
"FS","Suite of Food Security Indicators","196","Cyprus","6128","Value","21056","Minimum dietary energy requirement  (kcal/cap/day)","2021","2021","kcal/pc/d","1942","E","Estimated value",""
"FS","Suite of Food Security Indicators","196","Cyprus","6128","Value","21057","Average dietary energy requirement (kcal/cap/day)","2021","2021","kcal/pc/d","2530","E","Estimated value",""
"FS","Suite of Food Security Indicators","203","Czechia","6128","Value","21056","Minimum dietary energy requirement  (kcal/cap/day)","2021","2021","kcal/pc/d","1938","E","Estimated value",""
"FS","Suite of Food Security Indicators","203","Czechia","6128","Value","21057","Average dietary energy requirement (kcal/cap/day)","2021","2021","kcal/pc/d","2525","E","Estimated value",""
"FS","Suite of Food Security Indicators","408","Democratic People's Republic of Korea","6128","Value","21056","Minimum dietary energy requirement  (kcal/cap/day)","2021","2021","kcal/pc/d","1856","E","Estimated value",""
"FS","Suite of Food Security Indicators","408","Democratic People's Republic of Korea","6128","Value","21057","Average dietary energy requirement (kcal/cap/day)","2021","2021","kcal/pc/d","2405","E","Estimated value",""
"FS","Suite of Food Security Indicators","180","Democratic Republic of the Congo","6128","Value","21056","Minimum dietary energy requirement  (kcal/cap/day)","2021","2021","kcal/pc/d","1658","E","Estimated value",""
"FS","Suite of Food Security Indicators","180","Democratic Republic of the Congo","6128","Value","21057","Average dietary energy requirement (kcal/cap/day)","2021","2021","kcal/pc/d","2104","E","Estimated value",""
"FS","Suite of Food Security Indicators","208","Denmark","6128","Value","21056","Minimum dietary energy requirement  (kcal/cap/day)","2021","2021","kcal/pc/d","1950","E","Estimated value",""
"FS","Suite of Food Security Indicators","208","Denmark","6128","Value","21057","Average dietary energy requirement (kcal/cap/day)","2021","2021","kcal/pc/d","2548","E","Estimated value",""
"FS","Suite of Food Security Indicators","262","Djibouti","6128","Value","21056","Minimum dietary energy requirement  (kcal/cap/day)","2021","2021","kcal/pc/d","1845","E","Estimated value",""
"FS","Suite of Food Security Indicators","262","Djibouti","6128","Value","21057","Average dietary energy requirement (kcal/cap/day)","2021","2021","kcal/pc/d","2384","E","Estimated value",""
"FS","Suite of Food Security Indicators","212","Dominica","6128","Value","21056","Minimum dietary energy requirement  (kcal/cap/day)","2021","2021","kcal/pc/d","1875","E","Estimated value",""
"FS","Suite of Food Security Indicators","212","Dominica","6128","Value","21057","Average dietary energy requirement (kcal/cap/day)","2021","2021","kcal/pc/d","2439","E","Estimated value",""
"FS","Suite of Food Security Indicators","214","Dominican Republic","6128","Value","21056","Minimum dietary energy requirement  (kcal/cap/day)","2021","2021","kcal/pc/d","1852","E","Estimated value",""
"FS","Suite of Food Security Indicators","214","Dominican Republic","6128","Value","21057","Average dietary energy requirement (kcal/cap/day)","2021","2021","kcal/pc/d","2395","E","Estimated value",""
"FS","Suite of Food Security Indicators","218","Ecuador","6128","Value","21056","Minimum dietary energy requirement  (kcal/cap/day)","2021","2021","kcal/pc/d","1796","E","Estimated value",""
"FS","Suite of Food Security Indicators","218","Ecuador","6128","Value","21057","Average dietary energy requirement (kcal/cap/day)","2021","2021","kcal/pc/d","2316","E","Estimated value",""
"FS","Suite of Food Security Indicators","818","Egypt","6128","Value","21056","Minimum dietary energy requirement  (kcal/cap/day)","2021","2021","kcal/pc/d","1817","E","Estimated value",""
"FS","Suite of Food Security Indicators","818","Egypt","6128","Value","21057","Average dietary energy requirement (kcal/cap/day)","2021","2021","kcal/pc/d","2340","E","Estimated value",""
"FS","Suite of Food Security Indicators","222","El Salvador","6128","Value","21056","Minimum dietary energy requirement  (kcal/cap/day)","2021","2021","kcal/pc/d","1786","E","Estimated value",""
"FS","Suite of Food Security Indicators","222","El Salvador","6128","Value","21057","Average dietary energy requirement (kcal/cap/day)","2021","2021","kcal/pc/d","2306","E","Estimated value",""
"FS","Suite of Food Security Indicators","226","Equatorial Guinea","6128","Value","21056","Minimum dietary energy requirement  (kcal/cap/day)","2021","2021","kcal/pc/d","1779","E","Estimated value",""
"FS","Suite of Food Security Indicators","226","Equatorial Guinea","6128","Value","21057","Average dietary energy requirement (kcal/cap/day)","2021","2021","kcal/pc/d","2281","E","Estimated value",""
"FS","Suite of Food Security Indicators","232","Eritrea","6128","Value","21056","Minimum dietary energy requirement  (kcal/cap/day)","2021","2021","kcal/pc/d","1744","E","Estimated value",""
"FS","Suite of Food Security Indicators","232","Eritrea","6128","Value","21057","Average dietary energy requirement (kcal/cap/day)","2021","2021","kcal/pc/d","2235","E","Estimated value",""
"FS","Suite of Food Security Indicators","233","Estonia","6128","Value","21056","Minimum dietary energy requirement  (kcal/cap/day)","2021","2021","kcal/pc/d","1946","E","Estimated value",""
"FS","Suite of Food Security Indicators","233","Estonia","6128","Value","21057","Average dietary energy requirement (kcal/cap/day)","2021","2021","kcal/pc/d","2538","E","Estimated value",""
"FS","Suite of Food Security Indicators","748","Eswatini","6128","Value","21056","Minimum dietary energy requirement  (kcal/cap/day)","2021","2021","kcal/pc/d","1801","E","Estimated value",""
"FS","Suite of Food Security Indicators","748","Eswatini","6128","Value","21057","Average dietary energy requirement (kcal/cap/day)","2021","2021","kcal/pc/d","2316","E","Estimated value",""
"FS","Suite of Food Security Indicators","231","Ethiopia","6128","Value","21056","Minimum dietary energy requirement  (kcal/cap/day)","2021","2021","kcal/pc/d","1739","E","Estimated value",""
"FS","Suite of Food Security Indicators","231","Ethiopia","6128","Value","21057","Average dietary energy requirement (kcal/cap/day)","2021","2021","kcal/pc/d","2227","E","Estimated value",""
"FS","Suite of Food Security Indicators","242","Fiji","6128","Value","21056","Minimum dietary energy requirement  (kcal/cap/day)","2021","2021","kcal/pc/d","1835","E","Estimated value",""
"FS","Suite of Food Security Indicators","242","Fiji","6128","Value","21057","Average dietary energy requirement (kcal/cap/day)","2021","2021","kcal/pc/d","2370","E","Estimated value",""
"FS","Suite of Food Security Indicators","246","Finland","6128","Value","21056","Minimum dietary energy requirement  (kcal/cap/day)","2021","2021","kcal/pc/d","1957","E","Estimated value",""
"FS","Suite of Food Security Indicators","246","Finland","6128","Value","21057","Average dietary energy requirement (kcal/cap/day)","2021","2021","kcal/pc/d","2558","E","Estimated value",""
"FS","Suite of Food Security Indicators","250","France","6128","Value","21056","Minimum dietary energy requirement  (kcal/cap/day)","2021","2021","kcal/pc/d","1916","E","Estimated value",""
"FS","Suite of Food Security Indicators","250","France","6128","Value","21057","Average dietary energy requirement (kcal/cap/day)","2021","2021","kcal/pc/d","2496","E","Estimated value",""
"FS","Suite of Food Security Indicators","258","French Polynesia","6128","Value","21056","Minimum dietary energy requirement  (kcal/cap/day)","2021","2021","kcal/pc/d","1877","E","Estimated value",""
"FS","Suite of Food Security Indicators","258","French Polynesia","6128","Value","21057","Average dietary energy requirement (kcal/cap/day)","2021","2021","kcal/pc/d","2434","E","Estimated value",""
"FS","Suite of Food Security Indicators","266","Gabon","6128","Value","21056","Minimum dietary energy requirement  (kcal/cap/day)","2021","2021","kcal/pc/d","1785","E","Estimated value",""
"FS","Suite of Food Security Indicators","266","Gabon","6128","Value","21057","Average dietary energy requirement (kcal/cap/day)","2021","2021","kcal/pc/d","2291","E","Estimated value",""
"FS","Suite of Food Security Indicators","270","Gambia","6128","Value","21056","Minimum dietary energy requirement  (kcal/cap/day)","2021","2021","kcal/pc/d","1760","E","Estimated value",""
"FS","Suite of Food Security Indicators","270","Gambia","6128","Value","21057","Average dietary energy requirement (kcal/cap/day)","2021","2021","kcal/pc/d","2250","E","Estimated value",""
"FS","Suite of Food Security Indicators","268","Georgia","6128","Value","21056","Minimum dietary energy requirement  (kcal/cap/day)","2021","2021","kcal/pc/d","1886","E","Estimated value",""
"FS","Suite of Food Security Indicators","268","Georgia","6128","Value","21057","Average dietary energy requirement (kcal/cap/day)","2021","2021","kcal/pc/d","2443","E","Estimated value",""
"FS","Suite of Food Security Indicators","276","Germany","6128","Value","21056","Minimum dietary energy requirement  (kcal/cap/day)","2021","2021","kcal/pc/d","1940","E","Estimated value",""
"FS","Suite of Food Security Indicators","276","Germany","6128","Value","21057","Average dietary energy requirement (kcal/cap/day)","2021","2021","kcal/pc/d","2533","E","Estimated value",""
"FS","Suite of Food Security Indicators","288","Ghana","6128","Value","21056","Minimum dietary energy requirement  (kcal/cap/day)","2021","2021","kcal/pc/d","1784","E","Estimated value",""
"FS","Suite of Food Security Indicators","288","Ghana","6128","Value","21057","Average dietary energy requirement (kcal/cap/day)","2021","2021","kcal/pc/d","2289","E","Estimated value",""
"FS","Suite of Food Security Indicators","300","Greece","6128","Value","21056","Minimum dietary energy requirement  (kcal/cap/day)","2021","2021","kcal/pc/d","1931","E","Estimated value",""
"FS","Suite of Food Security Indicators","300","Greece","6128","Value","21057","Average dietary energy requirement (kcal/cap/day)","2021","2021","kcal/pc/d","2519","E","Estimated value",""
"FS","Suite of Food Security Indicators","308","Grenada","6128","Value","21056","Minimum dietary energy requirement  (kcal/cap/day)","2021","2021","kcal/pc/d","1909","E","Estimated value",""
"FS","Suite of Food Security Indicators","308","Grenada","6128","Value","21057","Average dietary energy requirement (kcal/cap/day)","2021","2021","kcal/pc/d","2474","E","Estimated value",""
"FS","Suite of Food Security Indicators","320","Guatemala","6128","Value","21056","Minimum dietary energy requirement  (kcal/cap/day)","2021","2021","kcal/pc/d","1720","E","Estimated value",""
"FS","Suite of Food Security Indicators","320","Guatemala","6128","Value","21057","Average dietary energy requirement (kcal/cap/day)","2021","2021","kcal/pc/d","2204","E","Estimated value",""
"FS","Suite of Food Security Indicators","324","Guinea","6128","Value","21056","Minimum dietary energy requirement  (kcal/cap/day)","2021","2021","kcal/pc/d","1730","E","Estimated value",""
"FS","Suite of Food Security Indicators","324","Guinea","6128","Value","21057","Average dietary energy requirement (kcal/cap/day)","2021","2021","kcal/pc/d","2213","E","Estimated value",""
"FS","Suite of Food Security Indicators","624","Guinea-Bissau","6128","Value","21056","Minimum dietary energy requirement  (kcal/cap/day)","2021","2021","kcal/pc/d","1748","E","Estimated value",""
"FS","Suite of Food Security Indicators","624","Guinea-Bissau","6128","Value","21057","Average dietary energy requirement (kcal/cap/day)","2021","2021","kcal/pc/d","2238","E","Estimated value",""
"FS","Suite of Food Security Indicators","328","Guyana","6128","Value","21056","Minimum dietary energy requirement  (kcal/cap/day)","2021","2021","kcal/pc/d","1794","E","Estimated value",""
"FS","Suite of Food Security Indicators","328","Guyana","6128","Value","21057","Average dietary energy requirement (kcal/cap/day)","2021","2021","kcal/pc/d","2310","E","Estimated value",""
"FS","Suite of Food Security Indicators","332","Haiti","6128","Value","21056","Minimum dietary energy requirement  (kcal/cap/day)","2021","2021","kcal/pc/d","1820","E","Estimated value",""
"FS","Suite of Food Security Indicators","332","Haiti","6128","Value","21057","Average dietary energy requirement (kcal/cap/day)","2021","2021","kcal/pc/d","2346","E","Estimated value",""
"FS","Suite of Food Security Indicators","340","Honduras","6128","Value","21056","Minimum dietary energy requirement  (kcal/cap/day)","2021","2021","kcal/pc/d","1786","E","Estimated value",""
"FS","Suite of Food Security Indicators","340","Honduras","6128","Value","21057","Average dietary energy requirement (kcal/cap/day)","2021","2021","kcal/pc/d","2299","E","Estimated value",""
"FS","Suite of Food Security Indicators","348","Hungary","6128","Value","21056","Minimum dietary energy requirement  (kcal/cap/day)","2021","2021","kcal/pc/d","1935","E","Estimated value",""
"FS","Suite of Food Security Indicators","348","Hungary","6128","Value","21057","Average dietary energy requirement (kcal/cap/day)","2021","2021","kcal/pc/d","2524","E","Estimated value",""
"FS","Suite of Food Security Indicators","352","Iceland","6128","Value","21056","Minimum dietary energy requirement  (kcal/cap/day)","2021","2021","kcal/pc/d","1960","E","Estimated value",""
"FS","Suite of Food Security Indicators","352","Iceland","6128","Value","21057","Average dietary energy requirement (kcal/cap/day)","2021","2021","kcal/pc/d","2561","E","Estimated value",""
"FS","Suite of Food Security Indicators","356","India","6128","Value","21056","Minimum dietary energy requirement  (kcal/cap/day)","2021","2021","kcal/pc/d","1800","E","Estimated value",""
"FS","Suite of Food Security Indicators","356","India","6128","Value","21057","Average dietary energy requirement (kcal/cap/day)","2021","2021","kcal/pc/d","2322","E","Estimated value",""
"FS","Suite of Food Security Indicators","360","Indonesia","6128","Value","21056","Minimum dietary energy requirement  (kcal/cap/day)","2021","2021","kcal/pc/d","1791","E","Estimated value",""
"FS","Suite of Food Security Indicators","360","Indonesia","6128","Value","21057","Average dietary energy requirement (kcal/cap/day)","2021","2021","kcal/pc/d","2306","E","Estimated value",""
"FS","Suite of Food Security Indicators","364","Iran (Islamic Republic of)","6128","Value","21056","Minimum dietary energy requirement  (kcal/cap/day)","2021","2021","kcal/pc/d","1841","E","Estimated value",""
"FS","Suite of Food Security Indicators","364","Iran (Islamic Republic of)","6128","Value","21057","Average dietary energy requirement (kcal/cap/day)","2021","2021","kcal/pc/d","2374","E","Estimated value",""
"FS","Suite of Food Security Indicators","368","Iraq","6128","Value","21056","Minimum dietary energy requirement  (kcal/cap/day)","2021","2021","kcal/pc/d","1777","E","Estimated value",""
"FS","Suite of Food Security Indicators","368","Iraq","6128","Value","21057","Average dietary energy requirement (kcal/cap/day)","2021","2021","kcal/pc/d","2281","E","Estimated value",""
"FS","Suite of Food Security Indicators","372","Ireland","6128","Value","21056","Minimum dietary energy requirement  (kcal/cap/day)","2021","2021","kcal/pc/d","1914","E","Estimated value",""
"FS","Suite of Food Security Indicators","372","Ireland","6128","Value","21057","Average dietary energy requirement (kcal/cap/day)","2021","2021","kcal/pc/d","2487","E","Estimated value",""
"FS","Suite of Food Security Indicators","376","Israel","6128","Value","21056","Minimum dietary energy requirement  (kcal/cap/day)","2021","2021","kcal/pc/d","1780","E","Estimated value",""
"FS","Suite of Food Security Indicators","376","Israel","6128","Value","21057","Average dietary energy requirement (kcal/cap/day)","2021","2021","kcal/pc/d","2291","E","Estimated value",""
"FS","Suite of Food Security Indicators","380","Italy","6128","Value","21056","Minimum dietary energy requirement  (kcal/cap/day)","2021","2021","kcal/pc/d","1937","E","Estimated value",""
"FS","Suite of Food Security Indicators","380","Italy","6128","Value","21057","Average dietary energy requirement (kcal/cap/day)","2021","2021","kcal/pc/d","2528","E","Estimated value",""
"FS","Suite of Food Security Indicators","388","Jamaica","6128","Value","21056","Minimum dietary energy requirement  (kcal/cap/day)","2021","2021","kcal/pc/d","1924","E","Estimated value",""
"FS","Suite of Food Security Indicators","388","Jamaica","6128","Value","21057","Average dietary energy requirement (kcal/cap/day)","2021","2021","kcal/pc/d","2504","E","Estimated value",""
"FS","Suite of Food Security Indicators","392","Japan","6128","Value","21056","Minimum dietary energy requirement  (kcal/cap/day)","2021","2021","kcal/pc/d","1860","E","Estimated value",""
"FS","Suite of Food Security Indicators","392","Japan","6128","Value","21057","Average dietary energy requirement (kcal/cap/day)","2021","2021","kcal/pc/d","2420","E","Estimated value",""
"FS","Suite of Food Security Indicators","400","Jordan","6128","Value","21056","Minimum dietary energy requirement  (kcal/cap/day)","2021","2021","kcal/pc/d","1828","E","Estimated value",""
"FS","Suite of Food Security Indicators","400","Jordan","6128","Value","21057","Average dietary energy requirement (kcal/cap/day)","2021","2021","kcal/pc/d","2357","E","Estimated value",""
"FS","Suite of Food Security Indicators","398","Kazakhstan","6128","Value","21056","Minimum dietary energy requirement  (kcal/cap/day)","2021","2021","kcal/pc/d","1812","E","Estimated value",""
"FS","Suite of Food Security Indicators","398","Kazakhstan","6128","Value","21057","Average dietary energy requirement (kcal/cap/day)","2021","2021","kcal/pc/d","2324","E","Estimated value",""
"FS","Suite of Food Security Indicators","404","Kenya","6128","Value","21056","Minimum dietary energy requirement  (kcal/cap/day)","2021","2021","kcal/pc/d","1755","E","Estimated value",""
"FS","Suite of Food Security Indicators","404","Kenya","6128","Value","21057","Average dietary energy requirement (kcal/cap/day)","2021","2021","kcal/pc/d","2251","E","Estimated value",""
"FS","Suite of Food Security Indicators","296","Kiribati","6128","Value","21056","Minimum dietary energy requirement  (kcal/cap/day)","2021","2021","kcal/pc/d","1749","E","Estimated value",""
"FS","Suite of Food Security Indicators","296","Kiribati","6128","Value","21057","Average dietary energy requirement (kcal/cap/day)","2021","2021","kcal/pc/d","2225","E","Estimated value",""
"FS","Suite of Food Security Indicators","414","Kuwait","6128","Value","21056","Minimum dietary energy requirement  (kcal/cap/day)","2021","2021","kcal/pc/d","1915","E","Estimated value",""
"FS","Suite of Food Security Indicators","414","Kuwait","6128","Value","21057","Average dietary energy requirement (kcal/cap/day)","2021","2021","kcal/pc/d","2474","E","Estimated value",""
"FS","Suite of Food Security Indicators","417","Kyrgyzstan","6128","Value","21056","Minimum dietary energy requirement  (kcal/cap/day)","2021","2021","kcal/pc/d","1795","E","Estimated value",""
"FS","Suite of Food Security Indicators","417","Kyrgyzstan","6128","Value","21057","Average dietary energy requirement (kcal/cap/day)","2021","2021","kcal/pc/d","2307","E","Estimated value",""
"FS","Suite of Food Security Indicators","418","Lao People's Democratic Republic","6128","Value","21056","Minimum dietary energy requirement  (kcal/cap/day)","2021","2021","kcal/pc/d","1823","E","Estimated value",""
"FS","Suite of Food Security Indicators","418","Lao People's Democratic Republic","6128","Value","21057","Average dietary energy requirement (kcal/cap/day)","2021","2021","kcal/pc/d","2352","E","Estimated value",""
"FS","Suite of Food Security Indicators","428","Latvia","6128","Value","21056","Minimum dietary energy requirement  (kcal/cap/day)","2021","2021","kcal/pc/d","1886","E","Estimated value",""
"FS","Suite of Food Security Indicators","428","Latvia","6128","Value","21057","Average dietary energy requirement (kcal/cap/day)","2021","2021","kcal/pc/d","2450","E","Estimated value",""
"FS","Suite of Food Security Indicators","422","Lebanon","6128","Value","21056","Minimum dietary energy requirement  (kcal/cap/day)","2021","2021","kcal/pc/d","1827","E","Estimated value",""
"FS","Suite of Food Security Indicators","422","Lebanon","6128","Value","21057","Average dietary energy requirement (kcal/cap/day)","2021","2021","kcal/pc/d","2363","E","Estimated value",""
"FS","Suite of Food Security Indicators","426","Lesotho","6128","Value","21056","Minimum dietary energy requirement  (kcal/cap/day)","2021","2021","kcal/pc/d","1782","E","Estimated value",""
"FS","Suite of Food Security Indicators","426","Lesotho","6128","Value","21057","Average dietary energy requirement (kcal/cap/day)","2021","2021","kcal/pc/d","2290","E","Estimated value",""
"FS","Suite of Food Security Indicators","430","Liberia","6128","Value","21056","Minimum dietary energy requirement  (kcal/cap/day)","2021","2021","kcal/pc/d","1728","E","Estimated value",""
"FS","Suite of Food Security Indicators","430","Liberia","6128","Value","21057","Average dietary energy requirement (kcal/cap/day)","2021","2021","kcal/pc/d","2209","E","Estimated value",""
"FS","Suite of Food Security Indicators","434","Libya","6128","Value","21056","Minimum dietary energy requirement  (kcal/cap/day)","2021","2021","kcal/pc/d","1848","E","Estimated value",""
"FS","Suite of Food Security Indicators","434","Libya","6128","Value","21057","Average dietary energy requirement (kcal/cap/day)","2021","2021","kcal/pc/d","2384","E","Estimated value",""
"FS","Suite of Food Security Indicators","440","Lithuania","6128","Value","21056","Minimum dietary energy requirement  (kcal/cap/day)","2021","2021","kcal/pc/d","1890","E","Estimated value",""
"FS","Suite of Food Security Indicators","440","Lithuania","6128","Value","21057","Average dietary energy requirement (kcal/cap/day)","2021","2021","kcal/pc/d","2457","E","Estimated value",""
"FS","Suite of Food Security Indicators","442","Luxembourg","6128","Value","21056","Minimum dietary energy requirement  (kcal/cap/day)","2021","2021","kcal/pc/d","1978","E","Estimated value",""
"FS","Suite of Food Security Indicators","442","Luxembourg","6128","Value","21057","Average dietary energy requirement (kcal/cap/day)","2021","2021","kcal/pc/d","2582","E","Estimated value",""
"FS","Suite of Food Security Indicators","450","Madagascar","6128","Value","21056","Minimum dietary energy requirement  (kcal/cap/day)","2021","2021","kcal/pc/d","1709","E","Estimated value",""
"FS","Suite of Food Security Indicators","450","Madagascar","6128","Value","21057","Average dietary energy requirement (kcal/cap/day)","2021","2021","kcal/pc/d","2184","E","Estimated value",""
"FS","Suite of Food Security Indicators","454","Malawi","6128","Value","21056","Minimum dietary energy requirement  (kcal/cap/day)","2021","2021","kcal/pc/d","1705","E","Estimated value",""
"FS","Suite of Food Security Indicators","454","Malawi","6128","Value","21057","Average dietary energy requirement (kcal/cap/day)","2021","2021","kcal/pc/d","2176","E","Estimated value",""
"FS","Suite of Food Security Indicators","458","Malaysia","6128","Value","21056","Minimum dietary energy requirement  (kcal/cap/day)","2021","2021","kcal/pc/d","1845","E","Estimated value",""
"FS","Suite of Food Security Indicators","458","Malaysia","6128","Value","21057","Average dietary energy requirement (kcal/cap/day)","2021","2021","kcal/pc/d","2388","E","Estimated value",""
"FS","Suite of Food Security Indicators","462","Maldives","6128","Value","21056","Minimum dietary energy requirement  (kcal/cap/day)","2021","2021","kcal/pc/d","1869","E","Estimated value",""
"FS","Suite of Food Security Indicators","462","Maldives","6128","Value","21057","Average dietary energy requirement (kcal/cap/day)","2021","2021","kcal/pc/d","2416","E","Estimated value",""
"FS","Suite of Food Security Indicators","466","Mali","6128","Value","21056","Minimum dietary energy requirement  (kcal/cap/day)","2021","2021","kcal/pc/d","1716","E","Estimated value",""
"FS","Suite of Food Security Indicators","466","Mali","6128","Value","21057","Average dietary energy requirement (kcal/cap/day)","2021","2021","kcal/pc/d","2186","E","Estimated value",""
"FS","Suite of Food Security Indicators","470","Malta","6128","Value","21056","Minimum dietary energy requirement  (kcal/cap/day)","2021","2021","kcal/pc/d","1964","E","Estimated value",""
"FS","Suite of Food Security Indicators","470","Malta","6128","Value","21057","Average dietary energy requirement (kcal/cap/day)","2021","2021","kcal/pc/d","2567","E","Estimated value",""
"FS","Suite of Food Security Indicators","478","Mauritania","6128","Value","21056","Minimum dietary energy requirement  (kcal/cap/day)","2021","2021","kcal/pc/d","1758","E","Estimated value",""
"FS","Suite of Food Security Indicators","478","Mauritania","6128","Value","21057","Average dietary energy requirement (kcal/cap/day)","2021","2021","kcal/pc/d","2251","E","Estimated value",""
"FS","Suite of Food Security Indicators","480","Mauritius","6128","Value","21056","Minimum dietary energy requirement  (kcal/cap/day)","2021","2021","kcal/pc/d","1879","E","Estimated value",""
"FS","Suite of Food Security Indicators","480","Mauritius","6128","Value","21057","Average dietary energy requirement (kcal/cap/day)","2021","2021","kcal/pc/d","2441","E","Estimated value",""
"FS","Suite of Food Security Indicators","484","Mexico","6128","Value","21056","Minimum dietary energy requirement  (kcal/cap/day)","2021","2021","kcal/pc/d","1852","E","Estimated value",""
"FS","Suite of Food Security Indicators","484","Mexico","6128","Value","21057","Average dietary energy requirement (kcal/cap/day)","2021","2021","kcal/pc/d","2399","E","Estimated value",""
"FS","Suite of Food Security Indicators","583","Micronesia (Federated States of)","6128","Value","21056","Minimum dietary energy requirement  (kcal/cap/day)","2021","2021","kcal/pc/d","1776","E","Estimated value",""
"FS","Suite of Food Security Indicators","583","Micronesia (Federated States of)","6128","Value","21057","Average dietary energy requirement (kcal/cap/day)","2021","2021","kcal/pc/d","2281","E","Estimated value",""
"FS","Suite of Food Security Indicators","496","Mongolia","6128","Value","21056","Minimum dietary energy requirement  (kcal/cap/day)","2021","2021","kcal/pc/d","1787","E","Estimated value",""
"FS","Suite of Food Security Indicators","496","Mongolia","6128","Value","21057","Average dietary energy requirement (kcal/cap/day)","2021","2021","kcal/pc/d","2293","E","Estimated value",""
"FS","Suite of Food Security Indicators","499","Montenegro","6128","Value","21056","Minimum dietary energy requirement  (kcal/cap/day)","2021","2021","kcal/pc/d","1898","E","Estimated value",""
"FS","Suite of Food Security Indicators","499","Montenegro","6128","Value","21057","Average dietary energy requirement (kcal/cap/day)","2021","2021","kcal/pc/d","2466","E","Estimated value",""
"FS","Suite of Food Security Indicators","504","Morocco","6128","Value","21056","Minimum dietary energy requirement  (kcal/cap/day)","2021","2021","kcal/pc/d","1844","E","Estimated value",""
"FS","Suite of Food Security Indicators","504","Morocco","6128","Value","21057","Average dietary energy requirement (kcal/cap/day)","2021","2021","kcal/pc/d","2381","E","Estimated value",""
"FS","Suite of Food Security Indicators","508","Mozambique","6128","Value","21056","Minimum dietary energy requirement  (kcal/cap/day)","2021","2021","kcal/pc/d","1691","E","Estimated value",""
"FS","Suite of Food Security Indicators","508","Mozambique","6128","Value","21057","Average dietary energy requirement (kcal/cap/day)","2021","2021","kcal/pc/d","2154","E","Estimated value",""
"FS","Suite of Food Security Indicators","104","Myanmar","6128","Value","21056","Minimum dietary energy requirement  (kcal/cap/day)","2021","2021","kcal/pc/d","1799","E","Estimated value",""
"FS","Suite of Food Security Indicators","104","Myanmar","6128","Value","21057","Average dietary energy requirement (kcal/cap/day)","2021","2021","kcal/pc/d","2318","E","Estimated value",""
"FS","Suite of Food Security Indicators","516","Namibia","6128","Value","21056","Minimum dietary energy requirement  (kcal/cap/day)","2021","2021","kcal/pc/d","1793","E","Estimated value",""
"FS","Suite of Food Security Indicators","516","Namibia","6128","Value","21057","Average dietary energy requirement (kcal/cap/day)","2021","2021","kcal/pc/d","2304","E","Estimated value",""
"FS","Suite of Food Security Indicators","524","Nepal","6128","Value","21056","Minimum dietary energy requirement  (kcal/cap/day)","2021","2021","kcal/pc/d","1758","E","Estimated value",""
"FS","Suite of Food Security Indicators","524","Nepal","6128","Value","21057","Average dietary energy requirement (kcal/cap/day)","2021","2021","kcal/pc/d","2263","E","Estimated value",""
"FS","Suite of Food Security Indicators","528","Netherlands (Kingdom of the)","6128","Value","21056","Minimum dietary energy requirement  (kcal/cap/day)","2021","2021","kcal/pc/d","1972","E","Estimated value",""
"FS","Suite of Food Security Indicators","528","Netherlands (Kingdom of the)","6128","Value","21057","Average dietary energy requirement (kcal/cap/day)","2021","2021","kcal/pc/d","2580","E","Estimated value",""
"FS","Suite of Food Security Indicators","540","New Caledonia","6128","Value","21056","Minimum dietary energy requirement  (kcal/cap/day)","2021","2021","kcal/pc/d","1810","E","Estimated value",""
"FS","Suite of Food Security Indicators","540","New Caledonia","6128","Value","21057","Average dietary energy requirement (kcal/cap/day)","2021","2021","kcal/pc/d","2336","E","Estimated value",""
"FS","Suite of Food Security Indicators","554","New Zealand","6128","Value","21056","Minimum dietary energy requirement  (kcal/cap/day)","2021","2021","kcal/pc/d","1916","E","Estimated value",""
"FS","Suite of Food Security Indicators","554","New Zealand","6128","Value","21057","Average dietary energy requirement (kcal/cap/day)","2021","2021","kcal/pc/d","2493","E","Estimated value",""
"FS","Suite of Food Security Indicators","558","Nicaragua","6128","Value","21056","Minimum dietary energy requirement  (kcal/cap/day)","2021","2021","kcal/pc/d","1784","E","Estimated value",""
"FS","Suite of Food Security Indicators","558","Nicaragua","6128","Value","21057","Average dietary energy requirement (kcal/cap/day)","2021","2021","kcal/pc/d","2296","E","Estimated value",""
"FS","Suite of Food Security Indicators","562","Niger","6128","Value","21056","Minimum dietary energy requirement  (kcal/cap/day)","2021","2021","kcal/pc/d","1677","E","Estimated value",""
"FS","Suite of Food Security Indicators","562","Niger","6128","Value","21057","Average dietary energy requirement (kcal/cap/day)","2021","2021","kcal/pc/d","2126","E","Estimated value",""
"FS","Suite of Food Security Indicators","566","Nigeria","6128","Value","21056","Minimum dietary energy requirement  (kcal/cap/day)","2021","2021","kcal/pc/d","1719","E","Estimated value",""
"FS","Suite of Food Security Indicators","566","Nigeria","6128","Value","21057","Average dietary energy requirement (kcal/cap/day)","2021","2021","kcal/pc/d","2193","E","Estimated value",""
"FS","Suite of Food Security Indicators","807","North Macedonia","6128","Value","21056","Minimum dietary energy requirement  (kcal/cap/day)","2021","2021","kcal/pc/d","1927","E","Estimated value",""
"FS","Suite of Food Security Indicators","807","North Macedonia","6128","Value","21057","Average dietary energy requirement (kcal/cap/day)","2021","2021","kcal/pc/d","2508","E","Estimated value",""
"FS","Suite of Food Security Indicators","578","Norway","6128","Value","21056","Minimum dietary energy requirement  (kcal/cap/day)","2021","2021","kcal/pc/d","1957","E","Estimated value",""
"FS","Suite of Food Security Indicators","578","Norway","6128","Value","21057","Average dietary energy requirement (kcal/cap/day)","2021","2021","kcal/pc/d","2556","E","Estimated value",""
"FS","Suite of Food Security Indicators","512","Oman","6128","Value","21056","Minimum dietary energy requirement  (kcal/cap/day)","2021","2021","kcal/pc/d","1876","E","Estimated value",""
"FS","Suite of Food Security Indicators","512","Oman","6128","Value","21057","Average dietary energy requirement (kcal/cap/day)","2021","2021","kcal/pc/d","2420","E","Estimated value",""
"FS","Suite of Food Security Indicators","586","Pakistan","6128","Value","21056","Minimum dietary energy requirement  (kcal/cap/day)","2021","2021","kcal/pc/d","1737","E","Estimated value",""
"FS","Suite of Food Security Indicators","586","Pakistan","6128","Value","21057","Average dietary energy requirement (kcal/cap/day)","2021","2021","kcal/pc/d","2226","E","Estimated value",""
"FS","Suite of Food Security Indicators","275","Palestine","6128","Value","21056","Minimum dietary energy requirement  (kcal/cap/day)","2021","2021","kcal/pc/d","1731","E","Estimated value",""
"FS","Suite of Food Security Indicators","275","Palestine","6128","Value","21057","Average dietary energy requirement (kcal/cap/day)","2021","2021","kcal/pc/d","2221","E","Estimated value",""
"FS","Suite of Food Security Indicators","591","Panama","6128","Value","21056","Minimum dietary energy requirement  (kcal/cap/day)","2021","2021","kcal/pc/d","1789","E","Estimated value",""
"FS","Suite of Food Security Indicators","591","Panama","6128","Value","21057","Average dietary energy requirement (kcal/cap/day)","2021","2021","kcal/pc/d","2304","E","Estimated value",""
"FS","Suite of Food Security Indicators","598","Papua New Guinea","6128","Value","21056","Minimum dietary energy requirement  (kcal/cap/day)","2021","2021","kcal/pc/d","1737","E","Estimated value",""
"FS","Suite of Food Security Indicators","598","Papua New Guinea","6128","Value","21057","Average dietary energy requirement (kcal/cap/day)","2021","2021","kcal/pc/d","2227","E","Estimated value",""
"FS","Suite of Food Security Indicators","600","Paraguay","6128","Value","21056","Minimum dietary energy requirement  (kcal/cap/day)","2021","2021","kcal/pc/d","1827","E","Estimated value",""
"FS","Suite of Food Security Indicators","600","Paraguay","6128","Value","21057","Average dietary energy requirement (kcal/cap/day)","2021","2021","kcal/pc/d","2361","E","Estimated value",""
"FS","Suite of Food Security Indicators","604","Peru","6128","Value","21056","Minimum dietary energy requirement  (kcal/cap/day)","2021","2021","kcal/pc/d","1789","E","Estimated value",""
"FS","Suite of Food Security Indicators","604","Peru","6128","Value","21057","Average dietary energy requirement (kcal/cap/day)","2021","2021","kcal/pc/d","2305","E","Estimated value",""
"FS","Suite of Food Security Indicators","608","Philippines","6128","Value","21056","Minimum dietary energy requirement  (kcal/cap/day)","2021","2021","kcal/pc/d","1748","E","Estimated value",""
"FS","Suite of Food Security Indicators","608","Philippines","6128","Value","21057","Average dietary energy requirement (kcal/cap/day)","2021","2021","kcal/pc/d","2244","E","Estimated value",""
"FS","Suite of Food Security Indicators","616","Poland","6128","Value","21056","Minimum dietary energy requirement  (kcal/cap/day)","2021","2021","kcal/pc/d","1922","E","Estimated value",""
"FS","Suite of Food Security Indicators","616","Poland","6128","Value","21057","Average dietary energy requirement (kcal/cap/day)","2021","2021","kcal/pc/d","2503","E","Estimated value",""
"FS","Suite of Food Security Indicators","620","Portugal","6128","Value","21056","Minimum dietary energy requirement  (kcal/cap/day)","2021","2021","kcal/pc/d","1910","E","Estimated value",""
"FS","Suite of Food Security Indicators","620","Portugal","6128","Value","21057","Average dietary energy requirement (kcal/cap/day)","2021","2021","kcal/pc/d","2488","E","Estimated value",""
"FS","Suite of Food Security Indicators","630","Puerto Rico","6128","Value","21056","Minimum dietary energy requirement  (kcal/cap/day)","2021","2021","kcal/pc/d","1909","E","Estimated value",""
"FS","Suite of Food Security Indicators","630","Puerto Rico","6128","Value","21057","Average dietary energy requirement (kcal/cap/day)","2021","2021","kcal/pc/d","2491","E","Estimated value",""
"FS","Suite of Food Security Indicators","634","Qatar","6128","Value","21056","Minimum dietary energy requirement  (kcal/cap/day)","2021","2021","kcal/pc/d","2030","E","Estimated value",""
"FS","Suite of Food Security Indicators","634","Qatar","6128","Value","21057","Average dietary energy requirement (kcal/cap/day)","2021","2021","kcal/pc/d","2643","E","Estimated value",""
"FS","Suite of Food Security Indicators","410","Republic of Korea","6128","Value","21056","Minimum dietary energy requirement  (kcal/cap/day)","2021","2021","kcal/pc/d","1896","E","Estimated value",""
"FS","Suite of Food Security Indicators","410","Republic of Korea","6128","Value","21057","Average dietary energy requirement (kcal/cap/day)","2021","2021","kcal/pc/d","2466","E","Estimated value",""
"FS","Suite of Food Security Indicators","498","Republic of Moldova","6128","Value","21056","Minimum dietary energy requirement  (kcal/cap/day)","2021","2021","kcal/pc/d","1889","E","Estimated value",""
"FS","Suite of Food Security Indicators","498","Republic of Moldova","6128","Value","21057","Average dietary energy requirement (kcal/cap/day)","2021","2021","kcal/pc/d","2450","E","Estimated value",""
"FS","Suite of Food Security Indicators","642","Romania","6128","Value","21056","Minimum dietary energy requirement  (kcal/cap/day)","2021","2021","kcal/pc/d","1907","E","Estimated value",""
"FS","Suite of Food Security Indicators","642","Romania","6128","Value","21057","Average dietary energy requirement (kcal/cap/day)","2021","2021","kcal/pc/d","2480","E","Estimated value",""
"FS","Suite of Food Security Indicators","643","Russian Federation","6128","Value","21056","Minimum dietary energy requirement  (kcal/cap/day)","2021","2021","kcal/pc/d","1899","E","Estimated value",""
"FS","Suite of Food Security Indicators","643","Russian Federation","6128","Value","21057","Average dietary energy requirement (kcal/cap/day)","2021","2021","kcal/pc/d","2462","E","Estimated value",""
"FS","Suite of Food Security Indicators","646","Rwanda","6128","Value","21056","Minimum dietary energy requirement  (kcal/cap/day)","2021","2021","kcal/pc/d","1737","E","Estimated value",""
"FS","Suite of Food Security Indicators","646","Rwanda","6128","Value","21057","Average dietary energy requirement (kcal/cap/day)","2021","2021","kcal/pc/d","2224","E","Estimated value",""
"FS","Suite of Food Security Indicators","659","Saint Kitts and Nevis","6128","Value","21056","Minimum dietary energy requirement  (kcal/cap/day)","2021","2021","kcal/pc/d","1905","E","Estimated value",""
"FS","Suite of Food Security Indicators","659","Saint Kitts and Nevis","6128","Value","21057","Average dietary energy requirement (kcal/cap/day)","2021","2021","kcal/pc/d","2465","E","Estimated value",""
"FS","Suite of Food Security Indicators","662","Saint Lucia","6128","Value","21056","Minimum dietary energy requirement  (kcal/cap/day)","2021","2021","kcal/pc/d","1925","E","Estimated value",""
"FS","Suite of Food Security Indicators","662","Saint Lucia","6128","Value","21057","Average dietary energy requirement (kcal/cap/day)","2021","2021","kcal/pc/d","2508","E","Estimated value",""
"FS","Suite of Food Security Indicators","670","Saint Vincent and the Grenadines","6128","Value","21056","Minimum dietary energy requirement  (kcal/cap/day)","2021","2021","kcal/pc/d","1912","E","Estimated value",""
"FS","Suite of Food Security Indicators","670","Saint Vincent and the Grenadines","6128","Value","21057","Average dietary energy requirement (kcal/cap/day)","2021","2021","kcal/pc/d","2479","E","Estimated value",""
"FS","Suite of Food Security Indicators","882","Samoa","6128","Value","21056","Minimum dietary energy requirement  (kcal/cap/day)","2021","2021","kcal/pc/d","1817","E","Estimated value",""
"FS","Suite of Food Security Indicators","882","Samoa","6128","Value","21057","Average dietary energy requirement (kcal/cap/day)","2021","2021","kcal/pc/d","2335","E","Estimated value",""
"FS","Suite of Food Security Indicators","678","Sao Tome and Principe","6128","Value","21056","Minimum dietary energy requirement  (kcal/cap/day)","2021","2021","kcal/pc/d","1769","E","Estimated value",""
"FS","Suite of Food Security Indicators","678","Sao Tome and Principe","6128","Value","21057","Average dietary energy requirement (kcal/cap/day)","2021","2021","kcal/pc/d","2262","E","Estimated value",""
"FS","Suite of Food Security Indicators","682","Saudi Arabia","6128","Value","21056","Minimum dietary energy requirement  (kcal/cap/day)","2021","2021","kcal/pc/d","1870","E","Estimated value",""
"FS","Suite of Food Security Indicators","682","Saudi Arabia","6128","Value","21057","Average dietary energy requirement (kcal/cap/day)","2021","2021","kcal/pc/d","2417","E","Estimated value",""
"FS","Suite of Food Security Indicators","686","Senegal","6128","Value","21056","Minimum dietary energy requirement  (kcal/cap/day)","2021","2021","kcal/pc/d","1767","E","Estimated value",""
"FS","Suite of Food Security Indicators","686","Senegal","6128","Value","21057","Average dietary energy requirement (kcal/cap/day)","2021","2021","kcal/pc/d","2261","E","Estimated value",""
"FS","Suite of Food Security Indicators","688","Serbia","6128","Value","21056","Minimum dietary energy requirement  (kcal/cap/day)","2021","2021","kcal/pc/d","1911","E","Estimated value",""
"FS","Suite of Food Security Indicators","688","Serbia","6128","Value","21057","Average dietary energy requirement (kcal/cap/day)","2021","2021","kcal/pc/d","2487","E","Estimated value",""
"FS","Suite of Food Security Indicators","690","Seychelles","6128","Value","21056","Minimum dietary energy requirement  (kcal/cap/day)","2021","2021","kcal/pc/d","1867","E","Estimated value",""
"FS","Suite of Food Security Indicators","690","Seychelles","6128","Value","21057","Average dietary energy requirement (kcal/cap/day)","2021","2021","kcal/pc/d","2413","E","Estimated value",""
"FS","Suite of Food Security Indicators","694","Sierra Leone","6128","Value","21056","Minimum dietary energy requirement  (kcal/cap/day)","2021","2021","kcal/pc/d","1749","E","Estimated value",""
"FS","Suite of Food Security Indicators","694","Sierra Leone","6128","Value","21057","Average dietary energy requirement (kcal/cap/day)","2021","2021","kcal/pc/d","2241","E","Estimated value",""
"FS","Suite of Food Security Indicators","702","Singapore","6128","Value","21056","Minimum dietary energy requirement  (kcal/cap/day)","2021","2021","kcal/pc/d","1906","E","Estimated value",""
"FS","Suite of Food Security Indicators","702","Singapore","6128","Value","21057","Average dietary energy requirement (kcal/cap/day)","2021","2021","kcal/pc/d","2480","E","Estimated value",""
"FS","Suite of Food Security Indicators","703","Slovakia","6128","Value","21056","Minimum dietary energy requirement  (kcal/cap/day)","2021","2021","kcal/pc/d","1943","E","Estimated value",""
"FS","Suite of Food Security Indicators","703","Slovakia","6128","Value","21057","Average dietary energy requirement (kcal/cap/day)","2021","2021","kcal/pc/d","2532","E","Estimated value",""
"FS","Suite of Food Security Indicators","705","Slovenia","6128","Value","21056","Minimum dietary energy requirement  (kcal/cap/day)","2021","2021","kcal/pc/d","1917","E","Estimated value",""
"FS","Suite of Food Security Indicators","705","Slovenia","6128","Value","21057","Average dietary energy requirement (kcal/cap/day)","2021","2021","kcal/pc/d","2494","E","Estimated value",""
"FS","Suite of Food Security Indicators","090","Solomon Islands","6128","Value","21056","Minimum dietary energy requirement  (kcal/cap/day)","2021","2021","kcal/pc/d","1707","E","Estimated value",""
"FS","Suite of Food Security Indicators","090","Solomon Islands","6128","Value","21057","Average dietary energy requirement (kcal/cap/day)","2021","2021","kcal/pc/d","2178","E","Estimated value",""
"FS","Suite of Food Security Indicators","706","Somalia","6128","Value","21056","Minimum dietary energy requirement  (kcal/cap/day)","2021","2021","kcal/pc/d","1704","E","Estimated value",""
"FS","Suite of Food Security Indicators","706","Somalia","6128","Value","21057","Average dietary energy requirement (kcal/cap/day)","2021","2021","kcal/pc/d","2174","E","Estimated value",""
"FS","Suite of Food Security Indicators","710","South Africa","6128","Value","21056","Minimum dietary energy requirement  (kcal/cap/day)","2021","2021","kcal/pc/d","1832","E","Estimated value",""
"FS","Suite of Food Security Indicators","710","South Africa","6128","Value","21057","Average dietary energy requirement (kcal/cap/day)","2021","2021","kcal/pc/d","2362","E","Estimated value",""
"FS","Suite of Food Security Indicators","728","South Sudan","6128","Value","21056","Minimum dietary energy requirement  (kcal/cap/day)","2021","2021","kcal/pc/d","1721","E","Estimated value",""
"FS","Suite of Food Security Indicators","728","South Sudan","6128","Value","21057","Average dietary energy requirement (kcal/cap/day)","2021","2021","kcal/pc/d","2189","E","Estimated value",""
"FS","Suite of Food Security Indicators","724","Spain","6128","Value","21056","Minimum dietary energy requirement  (kcal/cap/day)","2021","2021","kcal/pc/d","1926","E","Estimated value",""
"FS","Suite of Food Security Indicators","724","Spain","6128","Value","21057","Average dietary energy requirement (kcal/cap/day)","2021","2021","kcal/pc/d","2507","E","Estimated value",""
"FS","Suite of Food Security Indicators","144","Sri Lanka","6128","Value","21056","Minimum dietary energy requirement  (kcal/cap/day)","2021","2021","kcal/pc/d","1789","E","Estimated value",""
"FS","Suite of Food Security Indicators","144","Sri Lanka","6128","Value","21057","Average dietary energy requirement (kcal/cap/day)","2021","2021","kcal/pc/d","2307","E","Estimated value",""
"FS","Suite of Food Security Indicators","729","Sudan","6128","Value","21056","Minimum dietary energy requirement  (kcal/cap/day)","2021","2021","kcal/pc/d","1726","E","Estimated value",""
"FS","Suite of Food Security Indicators","729","Sudan","6128","Value","21057","Average dietary energy requirement (kcal/cap/day)","2021","2021","kcal/pc/d","2203","E","Estimated value",""
"FS","Suite of Food Security Indicators","740","Suriname","6128","Value","21056","Minimum dietary energy requirement  (kcal/cap/day)","2021","2021","kcal/pc/d","1850","E","Estimated value",""
"FS","Suite of Food Security Indicators","740","Suriname","6128","Value","21057","Average dietary energy requirement (kcal/cap/day)","2021","2021","kcal/pc/d","2393","E","Estimated value",""
"FS","Suite of Food Security Indicators","752","Sweden","6128","Value","21056","Minimum dietary energy requirement  (kcal/cap/day)","2021","2021","kcal/pc/d","1943","E","Estimated value",""
"FS","Suite of Food Security Indicators","752","Sweden","6128","Value","21057","Average dietary energy requirement (kcal/cap/day)","2021","2021","kcal/pc/d","2536","E","Estimated value",""
"FS","Suite of Food Security Indicators","756","Switzerland","6128","Value","21056","Minimum dietary energy requirement  (kcal/cap/day)","2021","2021","kcal/pc/d","1958","E","Estimated value",""
"FS","Suite of Food Security Indicators","756","Switzerland","6128","Value","21057","Average dietary energy requirement (kcal/cap/day)","2021","2021","kcal/pc/d","2557","E","Estimated value",""
"FS","Suite of Food Security Indicators","760","Syrian Arab Republic","6128","Value","21056","Minimum dietary energy requirement  (kcal/cap/day)","2021","2021","kcal/pc/d","1825","E","Estimated value",""
"FS","Suite of Food Security Indicators","760","Syrian Arab Republic","6128","Value","21057","Average dietary energy requirement (kcal/cap/day)","2021","2021","kcal/pc/d","2362","E","Estimated value",""
"FS","Suite of Food Security Indicators","762","Tajikistan","6128","Value","21056","Minimum dietary energy requirement  (kcal/cap/day)","2021","2021","kcal/pc/d","1776","E","Estimated value",""
"FS","Suite of Food Security Indicators","762","Tajikistan","6128","Value","21057","Average dietary energy requirement (kcal/cap/day)","2021","2021","kcal/pc/d","2280","E","Estimated value",""
"FS","Suite of Food Security Indicators","764","Thailand","6128","Value","21056","Minimum dietary energy requirement  (kcal/cap/day)","2021","2021","kcal/pc/d","1883","E","Estimated value",""
"FS","Suite of Food Security Indicators","764","Thailand","6128","Value","21057","Average dietary energy requirement (kcal/cap/day)","2021","2021","kcal/pc/d","2444","E","Estimated value",""
"FS","Suite of Food Security Indicators","626","Timor-Leste","6128","Value","21056","Minimum dietary energy requirement  (kcal/cap/day)","2021","2021","kcal/pc/d","1729","E","Estimated value",""
"FS","Suite of Food Security Indicators","626","Timor-Leste","6128","Value","21057","Average dietary energy requirement (kcal/cap/day)","2021","2021","kcal/pc/d","2218","E","Estimated value",""
"FS","Suite of Food Security Indicators","768","Togo","6128","Value","21056","Minimum dietary energy requirement  (kcal/cap/day)","2021","2021","kcal/pc/d","1752","E","Estimated value",""
"FS","Suite of Food Security Indicators","768","Togo","6128","Value","21057","Average dietary energy requirement (kcal/cap/day)","2021","2021","kcal/pc/d","2243","E","Estimated value",""
"FS","Suite of Food Security Indicators","776","Tonga","6128","Value","21056","Minimum dietary energy requirement  (kcal/cap/day)","2021","2021","kcal/pc/d","1899","E","Estimated value",""
"FS","Suite of Food Security Indicators","776","Tonga","6128","Value","21057","Average dietary energy requirement (kcal/cap/day)","2021","2021","kcal/pc/d","2454","E","Estimated value",""
"FS","Suite of Food Security Indicators","780","Trinidad and Tobago","6128","Value","21056","Minimum dietary energy requirement  (kcal/cap/day)","2021","2021","kcal/pc/d","1880","E","Estimated value",""
"FS","Suite of Food Security Indicators","780","Trinidad and Tobago","6128","Value","21057","Average dietary energy requirement (kcal/cap/day)","2021","2021","kcal/pc/d","2436","E","Estimated value",""
"FS","Suite of Food Security Indicators","788","Tunisia","6128","Value","21056","Minimum dietary energy requirement  (kcal/cap/day)","2021","2021","kcal/pc/d","1815","E","Estimated value",""
"FS","Suite of Food Security Indicators","788","Tunisia","6128","Value","21057","Average dietary energy requirement (kcal/cap/day)","2021","2021","kcal/pc/d","2339","E","Estimated value",""
"FS","Suite of Food Security Indicators","792","Türkiye","6128","Value","21056","Minimum dietary energy requirement  (kcal/cap/day)","2021","2021","kcal/pc/d","1862","E","Estimated value",""
"FS","Suite of Food Security Indicators","792","Türkiye","6128","Value","21057","Average dietary energy requirement (kcal/cap/day)","2021","2021","kcal/pc/d","2409","E","Estimated value",""
"FS","Suite of Food Security Indicators","795","Turkmenistan","6128","Value","21056","Minimum dietary energy requirement  (kcal/cap/day)","2021","2021","kcal/pc/d","1788","E","Estimated value",""
"FS","Suite of Food Security Indicators","795","Turkmenistan","6128","Value","21057","Average dietary energy requirement (kcal/cap/day)","2021","2021","kcal/pc/d","2299","E","Estimated value",""
"FS","Suite of Food Security Indicators","800","Uganda","6128","Value","21056","Minimum dietary energy requirement  (kcal/cap/day)","2021","2021","kcal/pc/d","1716","E","Estimated value",""
"FS","Suite of Food Security Indicators","800","Uganda","6128","Value","21057","Average dietary energy requirement (kcal/cap/day)","2021","2021","kcal/pc/d","2192","E","Estimated value",""
"FS","Suite of Food Security Indicators","804","Ukraine","6128","Value","21056","Minimum dietary energy requirement  (kcal/cap/day)","2021","2021","kcal/pc/d","1916","E","Estimated value",""
"FS","Suite of Food Security Indicators","804","Ukraine","6128","Value","21057","Average dietary energy requirement (kcal/cap/day)","2021","2021","kcal/pc/d","2489","E","Estimated value",""
"FS","Suite of Food Security Indicators","784","United Arab Emirates","6128","Value","21056","Minimum dietary energy requirement  (kcal/cap/day)","2021","2021","kcal/pc/d","2040","E","Estimated value",""
"FS","Suite of Food Security Indicators","784","United Arab Emirates","6128","Value","21057","Average dietary energy requirement (kcal/cap/day)","2021","2021","kcal/pc/d","2658","E","Estimated value",""
"FS","Suite of Food Security Indicators","826","United Kingdom of Great Britain and Northern Ireland","6128","Value","21056","Minimum dietary energy requirement  (kcal/cap/day)","2021","2021","kcal/pc/d","1914","E","Estimated value",""
"FS","Suite of Food Security Indicators","826","United Kingdom of Great Britain and Northern Ireland","6128","Value","21057","Average dietary energy requirement (kcal/cap/day)","2021","2021","kcal/pc/d","2492","E","Estimated value",""
"FS","Suite of Food Security Indicators","834","United Republic of Tanzania","6128","Value","21056","Minimum dietary energy requirement  (kcal/cap/day)","2021","2021","kcal/pc/d","1680","E","Estimated value",""
"FS","Suite of Food Security Indicators","834","United Republic of Tanzania","6128","Value","21057","Average dietary energy requirement (kcal/cap/day)","2021","2021","kcal/pc/d","2139","E","Estimated value",""
"FS","Suite of Food Security Indicators","840","United States of America","6128","Value","21056","Minimum dietary energy requirement  (kcal/cap/day)","2021","2021","kcal/pc/d","1960","E","Estimated value",""
"FS","Suite of Food Security Indicators","840","United States of America","6128","Value","21057","Average dietary energy requirement (kcal/cap/day)","2021","2021","kcal/pc/d","2557","E","Estimated value",""
"FS","Suite of Food Security Indicators","858","Uruguay","6128","Value","21056","Minimum dietary energy requirement  (kcal/cap/day)","2021","2021","kcal/pc/d","1874","E","Estimated value",""
"FS","Suite of Food Security Indicators","858","Uruguay","6128","Value","21057","Average dietary energy requirement (kcal/cap/day)","2021","2021","kcal/pc/d","2431","E","Estimated value",""
"FS","Suite of Food Security Indicators","860","Uzbekistan","6128","Value","21056","Minimum dietary energy requirement  (kcal/cap/day)","2021","2021","kcal/pc/d","1824","E","Estimated value",""
"FS","Suite of Food Security Indicators","860","Uzbekistan","6128","Value","21057","Average dietary energy requirement (kcal/cap/day)","2021","2021","kcal/pc/d","2349","E","Estimated value",""
"FS","Suite of Food Security Indicators","548","Vanuatu","6128","Value","21056","Minimum dietary energy requirement  (kcal/cap/day)","2021","2021","kcal/pc/d","1688","E","Estimated value",""
"FS","Suite of Food Security Indicators","548","Vanuatu","6128","Value","21057","Average dietary energy requirement (kcal/cap/day)","2021","2021","kcal/pc/d","2155","E","Estimated value",""
"FS","Suite of Food Security Indicators","862","Venezuela (Bolivarian Republic of)","6128","Value","21056","Minimum dietary energy requirement  (kcal/cap/day)","2021","2021","kcal/pc/d","1817","E","Estimated value",""
"FS","Suite of Food Security Indicators","862","Venezuela (Bolivarian Republic of)","6128","Value","21057","Average dietary energy requirement (kcal/cap/day)","2021","2021","kcal/pc/d","2339","E","Estimated value",""
"FS","Suite of Food Security Indicators","704","Viet Nam","6128","Value","21056","Minimum dietary energy requirement  (kcal/cap/day)","2021","2021","kcal/pc/d","1784","E","Estimated value",""
"FS","Suite of Food Security Indicators","704","Viet Nam","6128","Value","21057","Average dietary energy requirement (kcal/cap/day)","2021","2021","kcal/pc/d","2297","E","Estimated value",""
"FS","Suite of Food Security Indicators","887","Yemen","6128","Value","21056","Minimum dietary energy requirement  (kcal/cap/day)","2021","2021","kcal/pc/d","1708","E","Estimated value",""
"FS","Suite of Food Security Indicators","887","Yemen","6128","Value","21057","Average dietary energy requirement (kcal/cap/day)","2021","2021","kcal/pc/d","2180","E","Estimated value",""
"FS","Suite of Food Security Indicators","894","Zambia","6128","Value","21056","Minimum dietary energy requirement  (kcal/cap/day)","2021","2021","kcal/pc/d","1716","E","Estimated value",""
"FS","Suite of Food Security Indicators","894","Zambia","6128","Value","21057","Average dietary energy requirement (kcal/cap/day)","2021","2021","kcal/pc/d","2190","E","Estimated value",""
"FS","Suite of Food Security Indicators","716","Zimbabwe","6128","Value","21056","Minimum dietary energy requirement  (kcal/cap/day)","2021","2021","kcal/pc/d","1750","E","Estimated value",""
"FS","Suite of Food Security Indicators","716","Zimbabwe","6128","Value","21057","Average dietary energy requirement (kcal/cap/day)","2021","2021","kcal/pc/d","2241","E","Estimated value",""
